"ID","Enumerator","Fasilitas","Wilayah","Thn Pembangunan","Thn Rehabilitasi","Kapasitas Desain","Kapasitas Pakai","Sistem","Kondisi","Pengelola","Pengecekan","Nama Lembaga","Bentuk Lembaga","Jlh Anggota","Kel Bidang","Operasional","Asset","Status","Latitude","Longitude"
"1","manalu_garang","IPALD Dusun 8 Desa Tembung Kec. Percut Sei Tuan_Dana USAID 2008","Jl. Beringin GG Damai Dusun XI","2008","2008","60","25","Anaerobic baffled reactor-bak pengendapan kedua","Rusak","Kelompok Swadaya Masyarakat (KSM)","Tidak dilakukan","KSM","KSM KARYA SEJAHTERA","2 orang","Perawatan dan pemeliharaan IPAL","Iuran masyarakat","Bangunan dan fasilitasi IPAL","Serah terima aset","3.5876552","98.7404287"
"2","manalu_garang","IPALD Desa Tadukan Raga Kec. STM Hilir_DAK 2014","Jl. Undian gg. Seroja Dusun IV Desa Tadukan Raga","2014","2014","50","15","Anaerobic baffled reactor-bak pengendapan kedua","Baik","Kelompok Swadaya Masyarakat (KSM)","Tidak dilakukan","KSM","KSM/ Mhd Syafi'i","1 orang","Perawatan dan pemeliharaan IPAL","Tidak ada","Bangunan dan fasilitasi IPAL","Serah terima aset","3.5969878","98.7404317"
"3","Chairul Ichsan","IPALD Desa Bandar Khalifah Kec. Percut Sei Tuan_Sanimas IDB 2014","Jalan Bejo Desa bandar Khalifah Kec. Percut Sei Tuan","2014","2014","50","55","Anaerobic baffled reactor-bak pengendapan kedua","Baik","Kelompok Swadaya Masyarakat (KSM)","Tidak dilakukan","KSM Flamboyan","KSM Flamboyan","0 orang","Perawatan dan pemeliharaan IPAL","Tidak ada","Bangunan dan fasilitasi IPAL","Serah terima aset","3.6101827","98.7412935"
"4","Chairul Ichsan","IPALD Desa Tembung I Kec. Percut Sei Tuan_Sanimas IDB 2014","Jl. Beringin gg Pribadi Dusun 9 Desa Tembung Kec. Percut Sei Tuan","2014","2014","60","25","Anaerobic baffled reactor-bak pengendapan kedua","Baik","Kelompok Swadaya Masyarakat (KSM)","Tidak dilakukan","KSM Kuini","KSM KUINI","5 orang","Perawatan dan pemeliharaan IPAL","Tidak ada","Bangunan dan fasilitasi IPAL","Serah terima aset","3.5920149","98.7423666"
"5","manalu_garang","IPALD Desa Tembung II Kec. Percut Sei Tuan_Sanimas IDB 2014","Jl. Istirahat GG. Manyar Dusun VIII Desa Tembung","2014","2014","50","25","Anaerobic baffled reactor-bak pengendapan kedua","Baik","Kelompok Swadaya Masyarakat (KSM)","Tidak dilakukan","KSM Karya Bersama","KSM KARYA BERSAMA","3 orang","Perawatan dan pemeliharaan IPAL","Iuran masyarakat","Bangunan dan fasilitasi IPAL","Serah terima aset","3.5923234","98.7542235"
"6","Chairul Ichsan","IPALD Desa Bandar Khalifah Kec. Percut Sei Tuan_Sanimas IDB 2015","Jalan Mesjid Al Mubin gg Dame Desa Bandar Khalifah II Kec. Percut Sei Tuan","2015","2015","50","0","Anaerobic baffled reactor-bak pengendapan kedua","Baik","Kelompok Swadaya Masyarakat (KSM)","Tidak dilakukan","KSM Selasih","KSM SELASIH","0 orang","Perawatan dan pemeliharaan IPAL","Tidak ada","Bangunan dan fasilitasi IPAL","Serah terima aset","3.6160113","98.7512931"
"7","Chairul Ichsan","IPALD Desa Bandar Klippa Kec. Percut Sei Tuan_Sanimas IDB 2015","Jalan Mesjid gg Pelita Desa Bandar Klippa","2015","2015","50","60","Anaerobic baffled reactor-bak pengendapan kedua","Baik","Kelompok Swadaya Masyarakat (KSM)","Tidak dilakukan","KSM Pelita Mandiri","KSM PELITA MANDIRI","2 orang","Perawatan dan pemeliharaan IPAL","Tidak ada","Bangunan dan fasilitasi IPAL","Serah terima aset","3.601372","98.7568878"
"8","manalu_garang","IPALD Desa Patumbak I Kec. Patumbak _Sanimas IDB 2015","Jl. Deli Tua-PaTumbak gg. Karya Dusun I Desa PATUMBAK I","2015","2015","50","100","Anaerobic baffled reactor-bak pengendapan kedua","Baik","Kelompok Swadaya Masyarakat (KSM)","Tidak dilakukan","KSM Karya","KSM KARYA","0 orang","Perawatan dan pemeliharaan IPAL","Iuran masyarakat","Bangunan dan fasilitasi IPAL","Serah terima aset","3.4455557","98.7040338"
"9","Chairul Ichsan","IPALD Desa Patumbak I Kec. Patumbak - Sanimas IDB 2015","Gg Famili Dusun 2 Desa Patumbak 1 kecamatan Patumbak","2015","2015","50","49","Anaerobic baffled reactor-bak pengendapan kedua","Baik","Kelompok Swadaya Masyarakat (KSM)","Tidak dilakukan","KSM Family","KSM FAMILY","2 orang","Perawatan dan pemeliharaan IPAL","Iuran masyarakat","Bangunan dan fasilitasi IPAL","Serah terima aset","3.442733","98.7091626"
"10","Chairul Ichsan","IPALD Desa Tanjung Morawa A Kec. Tanjung Morawa_Sanimas IDB 2015","Jalan Sei Pancur Komplek Perumahan Puri Aek Pancur Desa TANJUNG Morawa A kec. tanjung Morawa","2015","2015","50","41","Anaerobic baffled reactor-bak pengendapan kedua","Baik","Kelompok Swadaya Masyarakat (KSM)","Tidak dilakukan","KSM Puri Aek Pancur","KSM PURI AEK PANCUR","3 orang","Perawatan dan pemeliharaan IPAL","Tidak ada","Bangunan dan fasilitasi IPAL","Serah terima aset","3.5017247","98.7933974"
"11","Chairul Ichsan","IPALD Desa Naga Timbul I Kec. Tanjung Morawa_Sanimas IDB 2015","jalan Padang Bolak gg Sedulur Dusun I Desa Naga Timbul Kec. Tanjung Morawa","2015","2015","60","50","Anaerobic baffled reactor-bak pengendapan kedua","Baik","Kelompok Swadaya Masyarakat (KSM)","Tidak dilakukan","KSM Mawar","KSM mawar","1 orang","Perawatan dan pemeliharaan IPAL","Tidak ada","Bangunan dan fasilitasi IPAL","Serah terima aset","3.4895304","98.8198689"
"12","manalu_garang","IPALD Desa Naga Timbul II Kec. Tanjung Morawa_Sanimas IDB 2015","JL. SEI MERAH GG. IPAL Dusun II DESA NAGA TIMBUL","2015","2015","50","40","Anaerobic baffled reactor-bak pengendapan kedua","Baik","Kelompok Swadaya Masyarakat (KSM)","Tidak dilakukan","KSM Melati","KSM MELATI/aris sutrisno","1 orang","Perawatan dan pemeliharaan IPAL","Iuran masyarakat","Bangunan dan fasilitasi IPAL","Serah terima aset","3.4930435","98.8268293"
"13","manalu_garang","IPALD Kel. Deli Tua 1 Kec. Deli Tua_Sanimas IDB 2015","Jl. Koramil gg. Koramil Ling II Kel. Deli tua","2015","2015","50","40","Anaerobic baffled reactor-bak pengendapan kedua","Baik","Kelompok Swadaya Masyarakat (KSM)","Tidak dilakukan","KSM Koramil","KSM KORAMIL/SK MATI","0 orang","Perawatan dan pemeliharaan IPAL","Tidak ada","Bangunan dan fasilitasi IPAL","Serah terima aset","3.496521","98.6847771"
"14","Chairul Ichsan","IPALD Kel. Deli Tua 2 Kec. Deli Tua_Sanimas IDB 2015","Jl Genteng Kel. Deli Tua Kec.Deli Tua","2015","2015","50","60","Anaerobic baffled reactor-bak pengendapan kedua","Baik","Kelompok Swadaya Masyarakat (KSM)","Tidak dilakukan","KSM Genteng","KSM GENTENG","1 orang","Perawatan dan pemeliharaan IPAL","Tidak ada","Bangunan dan fasilitasi IPAL","Serah terima aset","3.4990076","98.6813614"
"15","manalu_garang","IPALD Kel. Deli Tua 3 Kec. Deli Tua_Sanimas IDB 2015","Jalan Deli Sejahtera Kel. Deli Tua Kec. Deli Tua","2015","2015","50","0","Anaerobic baffled reactor-bak pengendapan kedua","Baik","Kelompok Swadaya Masyarakat (KSM)","Tidak dilakukan","KSM Melinjo","KSM MELINJO","0 orang","Perawatan dan pemeliharaan IPAL","Tidak ada","Bangunan dan fasilitasi IPAL","Serah terima aset","3.4986985","98.6765226"
"16","manalu_garang","IPALD Desa Rumah Sumbul Kec. STM Hulu_DAK 2016","Jl. Lao Sambo Dusun III Desa Rumah Sumbul","2016","2016","50","50","Anaerobic baffled reactor-bak pengendapan kedua","Rusak","Kelompok Swadaya Masyarakat (KSM)","Tidak dilakukan","KSM Harapan Kita","KSM HARAPAN KITA","2 orang","Perawatan dan pemeliharaan IPAL","Iuran masyarakat","Bangunan dan fasilitasi IPAL","Serah terima aset","3.2768219","98.7274534"
"17","Chairul Ichsan","IPALD Desa Tembung Dusun VIII Kec. Percut Sei Tuan_Sanimas IDB 2016","Jalan Beringin gg Pelikan dusun 8 Desa Tembung Kec. Percut Sei Tuan","2016","2016","50","55","Anaerobic baffled reactor-bak pengendapan kedua","Baik","Kelompok Swadaya Masyarakat (KSM)","Tidak dilakukan","KSM Karya Mandiri","KSM KARYA MANDIRI","1 orang","Perawatan dan pemeliharaan IPAL","Tidak ada","Bangunan dan fasilitasi IPAL","Serah terima aset","3.5899321","98.7507412"
"18","manalu_garang","IPALD Desa Tembung Dusun 9 Kec. Percut Sei Tuan_Sanimas IDB 2016","Jl Beringin GG. Terong Dusun IX","2016","2016","50","50","Anaerobic baffled reactor-bak pengendapan kedua","Baik","Kelompok Swadaya Masyarakat (KSM)","Tidak dilakukan","KSM Karya Sejahtera","KSM KARYA SEJAHTERA","2 orang","Perawatan dan pemeliharaan IPAL","Tidak ada","Bangunan dan fasilitasi IPAL","Serah terima aset","3.5923811","98.7435322"
"19","Chairul Ichsan","IPALD Desa Tembung Dusun XI Kec. Percut Sei Tuan_Sanimas IDB 2016","Dusun XI Jalan Pasar 7 gg Melati/ gg Parman Kec. Percut Sei Tuan","2016","2016","50","43","Anaerobic baffled reactor-bak pengendapan kedua","Baik","Kelompok Swadaya Masyarakat (KSM)","Tidak dilakukan","KSM Nangka Muda","KSM NANGKA MUDA","4 orang","Perawatan dan pemeliharaan IPAL","Tidak ada","Bangunan dan fasilitasi IPAL","Serah terima aset","3.588374","98.7461018"
"20","Chairul Ichsan","IPALD Desa Sigara Gara 1 Kec. Patumbak - Sanimas IDB 2015","Dusun 1 jalan Kubah Terbang Desa Sigara-Gara","2016","2016","50","0","Anaerobic baffled reactor-bak pengendapan kedua","Rusak","Kelompok Swadaya Masyarakat (KSM)","Dilakukan","KSM Kubah Terbang","KSM KUBAH TERBANG","2 orang","Perawatan dan pemeliharaan IPAL","Iuran masyarakat","Bangunan dan fasilitasi IPAL","Serah terima aset","3.4910655","98.7050352"
"21","Chairul Ichsan","IPALD Desa Sigara Gara Kec. Patumbak - Sanimas IDB 2015","Dusun 3 jalan Puskesmas Desa Sigara-Gara","2016","2016","50","40","Anaerobic baffled reactor-bak pengendapan kedua","Baik","Kelompok Swadaya Masyarakat (KSM)","Dilakukan","KSM Sukses Mandiri","KSM SUKSES MANDIRI","0 orang","Perawatan dan pemeliharaan IPAL","Tidak ada","Bangunan dan fasilitasi IPAL","Serah terima aset","3.5011889","98.7132097"
"22","Chairul Ichsan","IPALD Desa Denai Kuala Kec. Pantai Labu_APBD 2015","Jalan Putra Denai dusun III Desa Denai Kuala Kec. Pantai Labu (pabrikasi)","2016","2016","60","45","Anaerobic baffled reactor-bak pengendapan kedua","Baik","Kelompok Swadaya Masyarakat (KSM)","Tidak dilakukan","KSM Rido Jaya","KSM RIDO JAYA","2 orang","Perawatan dan pemeliharaan IPAL","Tidak ada","Bangunan dan fasilitasi IPAL","Serah terima aset","3.6557027","98.9452269"
"23","manalu_garang","IPALD Desa Jahrum B Perumahan Yon 121 MK Kec. Galang_DAK 2016","Jl. Asmil YON 121 MACAN KUMBANG Dusun IV","2016","2016","60","40","Anaerobic baffled reactor-bak pengendapan kedua","Baik","Kelompok Swadaya Masyarakat (KSM)","Tidak dilakukan","KSM Macan Kumbang","KSM MACAN KUMBANG","0 orang","Perawatan dan pemeliharaan IPAL","Tidak ada","Bangunan dan fasilitasi IPAL","Serah terima aset","3.4801734","98.8896506"
"24","Chairul Ichsan","IPALD Desa Perguruan Kec. Bangun Purba (IPAL + Perpipaan)_DAK 2017","Dusun II Desa Parguroan Kec. Bangun Purba","2017","2017","50","55","Anaerobic baffled reactor-bak pengendapan kedua","Baik","Kelompok Swadaya Masyarakat (KSM)","Tidak dilakukan","KSM Rundang","KSM RUNDANG","0 orang","Perawatan dan pemeliharaan IPAL","Tidak ada","Bangunan dan fasilitasi IPAL","Serah terima aset","3.3542027","98.79532"
"25","Chairul Ichsan","IPAL dan Perpipaan Desa Sambirejo Timur 2 (Dusun V) Kec. Percut Sei Tuan_Sanimas IDB 2017","Jalan Makmur gg Kenanga 21 Dusun 6 Desa Sambirejo Timur Kec. Percut Sei Tuan","2017","2017","50","50","Anaerobic baffled reactor-bak pengendapan kedua","Baik","Kelompok Swadaya Masyarakat (KSM)","Tidak dilakukan","KSM Kenanga","KSM KENANGA","3 orang","Perawatan dan pemeliharaan IPAL","Iuran masyarakat","Bangunan dan fasilitasi IPAL","Serah terima aset","3.5928664","98.7706488"
"26","manalu_garang","IPAL dan Perpipaan Desa Sambirejo Timur 1 (Dusun VI) Kec. Percut Sei Tuan_Sanimas IDB 2017","Jl. Makmur gg. Dahlia 14 Dusun V","2017","2017","50","45","Anaerobic baffled reactor-bak pengendapan kedua","Rusak","Kelompok Swadaya Masyarakat (KSM)","Tidak dilakukan","KSM Dahlia Sejahtera","KSM DAHLIA SEJAHTERA","3 orang","Perawatan dan pemeliharaan IPAL","Iuran masyarakat","Bangunan dan fasilitasi IPAL","Serah terima aset","3.59073","98.77607"
"27","manalu_garang","IPAL dan Perpipaan Desa Sei rotan 1 (Dusun III) Kec. Percut Sei Tuan - Sanimas IDB 2017","JL  SIDUMULYO GG. PERKUTUT Dusun XIII DESA SEI ROTAN","2017","2017","50","0","Anaerobic baffled reactor-bak pengendapan kedua","Baik","Kelompok Swadaya Masyarakat (KSM)","Tidak dilakukan","KSMPerkutut","KSM PERKUTUT","0 orang","Perawatan dan pemeliharaan IPAL","Tidak ada","Bangunan dan fasilitasi IPAL","Serah terima aset","3.601779","98.7687061"
"28","manalu_garang","IPAL dan Perpipaan Desa Sei Rotan 2 (Dusun XIII) Kec. Percut Sei Tuan - Sanimas IDB 2017","Jl. Medan-Batangkuis Gg  Abdullah dalam 1/gg. Dimin Dusun I Desa Sei Rotan","2017","2017","50","45","Anaerobic baffled reactor-bak pengendapan kedua","Baik","Kelompok Swadaya Masyarakat (KSM)","Tidak dilakukan","KSM Abdullah","KSM ABDULLAH","0 orang","Perawatan dan pemeliharaan IPAL","Tidak ada","Bangunan dan fasilitasi IPAL","Serah terima aset","3.6057577","98.7701475"
"29","manalu_garang","IPAL dan Perpipaan Desa Patumbak 1 (Dusun VI) Kec. Patumbak - Sanimas IDB 2017","Jl. Jati dusun VI Desa PATUMBAK I","2017","2017","50","0","Anaerobic baffled reactor-bak pengendapan kedua","Baik","Kelompok Swadaya Masyarakat (KSM)","Tidak dilakukan","KSM Jati","KSM JATI/BKM ANDESPA","3 orang","Perawatan dan pemeliharaan IPAL","Iuran masyarakat","Bangunan dan fasilitasi IPAL","Serah terima aset","3.4387836","98.7096311"
"30","manalu_garang","IPAL dan Perpipaan Desa Sigara Gara (Dusun V) Kec. Patumbak - Sanimas IDB 2017","Perumahan Bumi Serdang Damai Jl. Intan Mutiara Dusun V","2017","2017","50","60","Anaerobic baffled reactor-bak pengendapan kedua","Rusak","Kelompok Swadaya Masyarakat (KSM)","Tidak dilakukan","KSM Mutiara","KSM MUTIARA","2 orang","Perawatan dan pemeliharaan IPAL","Iuran masyarakat","Bangunan dan fasilitasi IPAL","Serah terima aset","3.4863407","98.7015355"
"31","Chairul Ichsan","IPAL dan Perpipaan Desa Lengau Seprang (Dusun I) Kec. Tanjung Morawa_Sanimas IDB 2017","Dusun I Desa Lengau Kec. Tanjung Morawa","2017","2017","50","0","Anaerobic baffled reactor-bak pengendapan kedua","Rusak","Kelompok Swadaya Masyarakat (KSM)","Tidak dilakukan","KSM Karya Guna I","KSM KARYA GUNA","3 orang","Perawatan dan pemeliharaan IPAL","Iuran masyarakat","Bangunan dan fasilitasi IPAL","Serah terima aset","3.5230014","98.8409826"
"32","manalu_garang","IPAL dan Perpipaan Desa Lengau Seprang (Dusun IA) Kec. Tanjung Morawa_Sanimas IDB 2017","Jl LENGAU SEPRANG gg. Pekanan Dusun IA Desa LENGAU SEPRANG","2017","2017","50","40","Anaerobic baffled reactor-bak pengendapan kedua","Baik","Kelompok Swadaya Masyarakat (KSM)","Tidak dilakukan","KSM Mandiri Bersama","KSM MANDIRI BERSAMA","3 orang","Perawatan dan pemeliharaan IPAL","Tidak ada","Bangunan dan fasilitasi IPAL","Serah terima aset","3.5178295","98.8366487"
"33","Chairul Ichsan","IPAL dan Perpipaan Desa Buntu Bedimbar Kec. Tanjung Morawa_Sanimas IDB 2017","Dusun II gg Mulia Desa Buntu Bedimbar Kec. Tanjung Morawa","2017","2017","50","50","Anaerobic baffled reactor-bak pengendapan kedua","Baik","Kelompok Swadaya Masyarakat (KSM)","Tidak dilakukan","KSM Supar Mulia","KSM SUPAR MULIA","0 orang","Perawatan dan pemeliharaan IPAL","Tidak ada","Bangunan dan fasilitasi IPAL","Serah terima aset","3.5444969","98.7853003"
"34","manalu_garang","IPAL dan Perpipaan Dusun III Desa Buntu Bedimbar Kec. Tanjung Morawa_Sanimas IDB 2017","Jl. Sultan Serdang gg. Banten dusun III DESA BUNTU BEDIMBAR","2017","2017","50","35","Anaerobic baffled reactor-bak pengendapan kedua","Rusak","Kelompok Swadaya Masyarakat (KSM)","Tidak dilakukan","KSM Salam","KSM SALAM/BKM ARMADA/KPP BANTEN","1 orang","Perawatan dan pemeliharaan IPAL","Tidak ada","Bangunan dan fasilitasi IPAL","Serah terima aset","3.5399504","98.7789699"
"35","manalu_garang","IPAL dan Perpipaan Desa Telaga Sari I Kec. Tanjung Morawa (2017)_Sanimas IDB 2017","Jl. Sultan serdang gg. Madrasah dusun II","2017","2017","50","40","Anaerobic baffled reactor-bak pengendapan kedua","Baik","Kelompok Swadaya Masyarakat (KSM)","Tidak dilakukan","KSM Madrasah","KSM MADRASAH","0 orang","Perawatan dan pemeliharaan IPAL","Iuran masyarakat","Bangunan dan fasilitasi IPAL","Serah terima aset","3.5509073","98.7824871"
"36","Chairul Ichsan","IPAL dan Perpipaan Desa Telaga Sari II Kec. Tanjung Morawa (2017)_Sanimas IDB 2017","Dusun 5 gg Perdana Desa Telaga Sari Kec. Tanjung Morawa","2017","2017","50","30","Anaerobic baffled reactor-bak pengendapan kedua","Baik","Kelompok Swadaya Masyarakat (KSM)","Tidak dilakukan","KSM Perdana","KSM PERDANA","0 orang","Perawatan dan pemeliharaan IPAL","Tidak ada","Bangunan dan fasilitasi IPAL","Serah terima aset","3.5590968","98.7942285"
"37","Chairul Ichsan","IPAL dan Perpipaan Desa Sei Semayang Kec. Sunggal_Sanimas IDB 2017","Desa Sei Semayang Kec. Sunggal","2017","2017","60","15","Anaerobic baffled reactor-bak pengendapan kedua","Baik","Kelompok Swadaya Masyarakat (KSM)","Tidak dilakukan","KSM Gladiol","KSM GLADIOL","0 orang","Perawatan dan pemeliharaan IPAL","Tidak ada","Bangunan dan fasilitasi IPAL","Serah terima aset","3.5969878","98.5640794"
"38","manalu_garang","IPAL dan Perpipaan Desa Sunggal Kanan I Kec. Sunggal_Sanimas IDB 2017","Desa Sunggal Kanan Kec. Sunggal","2017","2017","40","50","Anaerobic baffled reactor-bak pengendapan kedua","Baik","Kelompok Swadaya Masyarakat (KSM)","Tidak dilakukan","KSM Persatuan","KSM PERSATUAN","3 orang","Perawatan dan pemeliharaan IPAL","Tidak ada","Bangunan dan fasilitasi IPAL","Serah terima aset","3.5636078","98.6017909"
"39","manalu_garang","IPAL dan Perpipaan Desa Sunggal Kanan II Kec. Sunggal_Sanimas IDB 2017","Jl. Setia kawan gg. Marto dusun I","2017","2017","35","53","Anaerobic baffled reactor-bak pengendapan kedua","Baik","Kelompok Swadaya Masyarakat (KSM)","Tidak dilakukan","KSM Bahagia","KSM BAHAGIA/BKM SUNGGAL KANAN","3 orang","Perawatan dan pemeliharaan IPAL","Iuran masyarakat","Bangunan dan fasilitasi IPAL","Serah terima aset","3.5654991","98.6051876"
"40","Chairul Ichsan","IPALD Dusun II -Tahap I Desa Sunggal Kanan Kec. Sunggal_Sanimas IDB 2018","Desa Sunggal kanan Kec.Sunggal","2017","2017","50","58","Anaerobic baffled reactor-bak pengendapan kedua","Baik","Kelompok Swadaya Masyarakat (KSM)","Tidak dilakukan","KSM Makmur Kulon","KSM MAKMUR KULON","5 orang","Perawatan dan pemeliharaan IPAL","Iuaran Masyarakat","Bangunan dan fasilitasi IPAL","Serah terima aset","3.5643276","98.5929409"
"41","Chairul Ichsan","IPAL dan Perpipaan Desa Baru Kec. Batang Kuis_DAK 2018","Jalan Mesjid dusun 1 Desa Baru Kec. Batang Kuis","2017","2017","30","45","Anaerobic baffled reactor-bak pengendapan kedua","Baik","Kelompok Swadaya Masyarakat (KSM)","Tidak dilakukan","KSM Tirto Wening","KSM TIRTO WENING","0 orang","Perawatan dan pemeliharaan IPAL","Tidak ada","Bangunan dan fasilitasi IPAL","Serah terima aset","3.6181413","98.8157138"
"42","manalu_garang","IPALD + Perpipaan Kel. Galang Kota Kec. Galang_DAK 2017","Jl. Perjuangan gg. Bunga Tanjung Lingkungan VII","2017","2017","50","55","Anaerobic baffled reactor-bak pengendapan kedua","Baik","Kelompok Swadaya Masyarakat (KSM)","Tidak dilakukan","KSM Perjuangan Baru","KSM PERJUANGAN BARU","3 orang","Perawatan dan pemeliharaan IPAL","Iuran masyarakat","Bangunan dan fasilitasi IPAL","Serah terima aset","3.4268548","98.8952058"
"43","Chairul Ichsan","IPAL dan Perpipaan Desa Sambirejo Timur (Dusun IX - Tahap I) Kec. Percut Sei Tuan_Sanimas IDB 2018","Jalan Sederhana gg Seroja 1 Dusun 9 Desa Sambirejo Timur","2018","2018","50","50","Anaerobic baffled reactor-bak pengendapan kedua","Baik","Kelompok Swadaya Masyarakat (KSM)","Tidak dilakukan","KSM Seroja","KSM SEROJA","3 orang","Perawatan dan pemeliharaan IPAL","Iuran masyarakat","Bangunan dan fasilitasi IPAL","Serah terima aset","3.5874633","98.8896875"
"44","Chairul Ichsan","IPAL dan Perpipaan Dusun X Desa Cinta Rakyat (Tahap I) Kec. Percut Sei tuan_Sanimas IDB 2018","Dusun X Desa Cinta Rakyat Tahap 1 Kec. Percut Sei Tuan","2018","2018","50","30","Anaerobic baffled reactor-bak pengendapan kedua","Baik","Kelompok Swadaya Masyarakat (KSM)","Tidak dilakukan","KSM KUD","KSM KUD dan BKM CITRA","3 orang","Perawatan dan pemeliharaan IPAL","Tidak ada","Bangunan dan fasilitasi IPAL","Serah terima aset","3.6682389","98.7546403"
"45","manalu_garang","IPAL dan Perpipaan Dusun X Tahap 1 - Desa Bandar Setia Kec. Percut Sei Tuan_Sanimas IDB 2018","Jl. Aceh perumahan Agroria Dusun X","2018","2018","60","40","Anaerobic baffled reactor-bak pengendapan kedua","Baik","Kelompok Swadaya Masyarakat (KSM)","Tidak dilakukan","KSM Membangun","KSM MEMBANGUN","3 orang","Perawatan dan pemeliharaan IPAL","Iuran masyarakat","Bangunan dan fasilitasi IPAL","Serah terima aset","3.6504547","98.7590443"
"46","manalu_garang","IPAL dan Perpipaan Desa Tembung Kec. Percut Sei Tuan_DAK 2018","Jl. Datu kabu GG. Gino dusun XV Desa Tembung","2018","2018","60","60","Anaerobic baffled reactor-bak pengendapan kedua","Baik","Kelompok Swadaya Masyarakat (KSM)","Tidak dilakukan","KSM Jambu Bestari","KSM JAMBU BESTARI","2 orang","Perawatan dan pemeliharaan IPAL","Iuran masyarakat","Bangunan dan fasilitasi IPAL","Serah terima aset","3.581843","98.7411798"
"47","manalu_garang","IPAL dan Perpipaan Desa Sambirejo Timur Kec. Percut Sei Tuan_DAK 2018","Jl. Rahayu gg. Cempaka 14 dusun VIII","2018","2018","60","60","Anaerobic baffled reactor-bak pengendapan kedua","Baik","Kelompok Swadaya Masyarakat (KSM)","Tidak dilakukan","KSM Tunas Rahayu","KSM TUNAS RAHAYU","3 orang","Perawatan dan pemeliharaan IPAL","Iuran masyarakat","Bangunan dan fasilitasi IPAL","Serah terima aset","3.5874192","98.7604014"
"48","Chairul Ichsan","IPAL dan Perpipaan Desa Saentis Kec. Percut Sei Tuan - DAK 2018","Dusun XVII Desa Saentis Kec. Percut Sei Tuan","2018","2018","50","25","Anaerobic baffled reactor-bak pengendapan kedua","Baik","Kelompok Swadaya Masyarakat (KSM)","Tidak dilakukan","KSM Sadar Lingkungan","KSM SADAR LINGKUNGAN","2 orang","Perawatan dan pemeliharaan IPAL","Iuran masyarakat","Bangunan dan fasilitasi IPAL","Serah terima aset","3.6422857","98.7489419"
"49","Chairul Ichsan","IPAL dan Perpipaan Desa Marindal Dua (Dusun VIII - Tahap I) Kec. Patumbak_Sanimas IDB 2018","Jalan Damai gg Pelita Dusun VIII Desa Marendal II Kecamatan Patumbak","2018","2018","50","80","Anaerobic baffled reactor-bak pengendapan kedua","Baik","Kelompok Swadaya Masyarakat (KSM)","Tidak dilakukan","KSM Sejahtera","KSM SEJAHTERA","0 orang","Perawatan dan pemeliharaan IPAL","Tidak ada","Bangunan dan fasilitasi IPAL","Serah terima aset","3.5388695","98.7450067"
"50","manalu_garang","IPAL, Perpipaan dan sambungan rumah air limbah Desa Sigara-gara Kec. Patumbak - DAK 2018","Perumahan Bumi Serdang Damai jl. Intan Mutiara/jl. Delima Raya","2018","2018","50","65","Anaerobic baffled reactor-bak pengendapan kedua","Baik","Kelompok Swadaya Masyarakat (KSM)","Dilakukan","KSM Intan","KSM INTAN","2 orang","Perawatan dan pemeliharaan IPAL","Iuran masyarakat","Bangunan dan fasilitasi IPAL","Serah terima aset","3.4866017","98.7012167"
"51","manalu_garang","IPAL dan Perpipaan Desa Marindal II Kec. Patumbak - DAK 2018","Jl. Balai Desa gg. Tower dusun II DESA MARINDAL II","2018","2018","60","60","Anaerobic baffled reactor-bak pengendapan kedua","Baik","Kelompok Swadaya Masyarakat (KSM)","Tidak dilakukan","KSM Mandiri","KSM MANDIRI","4 orang","Perawatan dan pemeliharaan IPAL","Iuran masyarakat","Bangunan dan fasilitasi IPAL","Serah terima aset","3.526104","98.7229769"
"52","Chairul Ichsan","IPAL dan Perpipaan Dusun I Desa Punden Rejo (Tahap I) Kec. Tanjung Morawa_SANMAS IDB 2018","Jalan pendidikan Dusun I Desa Punden Rejo Kec. Tanjung Morawa","2018","2018","40","30","Anaerobic baffled reactor-bak pengendapan kedua","Baik","Kelompok Swadaya Masyarakat (KSM)","Tidak dilakukan","KSM Sumber Sejahtera","KSM SUMBER SEJAHTERA","2 orang","Perawatan dan pemeliharaan IPAL","Tidak ada","Bangunan dan fasilitasi IPAL","Serah terima aset","3.5459676","98.8375887"
"53","Chairul Ichsan","IPALD Dusun IV Desa Tanjung Mulia (Tahap II) Kec. Tanjung Morawa_SANMAS IDB 2019","Jalan Taruna gg pendidikan Dusun IV Desa Tanjung Mulia Kec. Tanjung Morawa","2018","2018","60","40","Anaerobic baffled reactor-bak pengendapan kedua","Baik","Kelompok Swadaya Masyarakat (KSM)","Tidak dilakukan","KSM IPAL Sehat IV","KSM IPAL sehat IV","2 orang","Perawatan dan pemeliharaan IPAL","Tidak ada","Bangunan dan fasilitasi IPAL","Serah terima aset","3.5426993","98.8392021"
"54","manalu_garang","IPALD dan Perpipaan Dusun Dusun VI Desa Suka Makmur Kec. Deli Tua_Sanimas IDB 2018","Jl. Deli tua gg setia Dusun VI Desa Suka Makmur","2018","2018","60","60","Anaerobic baffled reactor-bak pengendapan kedua","Baik","Kelompok Swadaya Masyarakat (KSM)","Tidak dilakukan","KSM Saudara","BKM MAKMUR MANDIRI/KSM SUKA MAKMUR","2 orang","Perawatan dan pemeliharaan IPAL","Iuran Masyarakat","Bangunan dan fasilitasi IPAL","Serah terima aset","3.5147576","98.676748"
"55","manalu_garang","IPALD dan Perpipaan Lingkungan IV - Tahap I Kel. Deli Tua Barat Kec. Deli Tua_Sanimas IDB 2018","Jl. Pamah gg. Jafar dusun IV Kel. Deli Tua Barat","2018","2018","60","42","Anaerobic baffled reactor-bak pengendapan kedua","Baik","Kelompok Swadaya Masyarakat (KSM)","Tidak dilakukan","KSM Sadar Mandiri","KSM SADAR MANDIRI","2 orang","Perawatan dan pemeliharaan IPAL","Tidak ada","Bangunan dan fasilitasi IPAL","Serah terima aset","3.48522","98.6813322"
"56","manalu_garang","IPAL dan Perpipaan Desa Sugiharjo Kec. Batang Kuis_DAK 2018","Jl. Pembangunan Dusun III","2018","2018","50","50","Anaerobic baffled reactor-bak pengendapan kedua","Baik","Kelompok Swadaya Masyarakat (KSM)","Tidak dilakukan","KSM Bina Lingkungan","KSM BINA LINGKUNGAN","1 orang","Perawatan dan pemeliharaan IPAL","Tidak ada","Bangunan dan fasilitasi IPAL","Serah terima aset","3.6600922","98.8077821"
"57","manalu_garang","IPAL dan Perpipaan Desa Sei Glugur Kec. Pancur Batu_DAK 2018","Jl Sei GLUGUR Rimbun gg. Jambur Dusun V kuta jurung DESA SEI GLUGUR","2018","2018","50","65","Anaerobic baffled reactor-bak pengendapan kedua","Baik","Kelompok Swadaya Masyarakat (KSM)","Tidak dilakukan","KSM Kuta Jurung Ersada","KSM KUTA JURUNG","2 orang","Perawatan dan pemeliharaan IPAL","Iuran masyarakat","Bangunan dan fasilitasi IPAL","Serah terima aset","3.5109033","98.560075"
"58","Chairul Ichsan","IPAL dan Perpipaan Desa Tumpatan Kec. Beringin_DAK 2018","Jl Setiabudi Desa Tumpatan Kec. Beringin","2018","2018","25","25","Anaerobic baffled reactor-bak pengendapan kedua","Baik","Kelompok Swadaya Masyarakat (KSM)","Tidak dilakukan","KSM Setia Budi","KSM SETIA BUDI","2 orang","Perawatan dan pemeliharaan IPAL","Tidak ada","Bangunan dan fasilitasi IPAL","Serah terima aset","3.581201","98.8616732"
"59","manalu_garang","IPAL dan Perpipaan Desa Sidodadi Ramunia Kec. Beringin_DAK 2018","Pasar V Dusun Kediri Desa Sidodadi Ramunia","2018","2018","50","4","Anaerobic baffled reactor-bak pengendapan kedua","Baik","Kelompok Swadaya Masyarakat (KSM)","Tidak dilakukan","KSM Tirta Mandiri","KSM TIRTA MANDIRI","1 orang","Perawatan dan pemeliharaan IPAL","Tidak ada","Bangunan dan fasilitasi IPAL","Serah terima aset","3.6024539","98.8912179"
"60","manalu_garang","IPALD Dusun III Desa Pematang Biara Kec. Pantai Labu_DAK 2018","Jl. Titi Gelodak dusun III DESA PEMATANG BIARA","2018","2018","100","70","Anaerobic baffled reactor-bak pengendapan kedua","Baik","Kelompok Swadaya Masyarakat (KSM)","Tidak dilakukan","KSM Seroja","KSM SEROJA","1 orang","Perawatan dan pemeliharaan IPAL","Tidak ada","Bangunan dan fasilitasi IPAL","Serah terima aset","3.6644695","98.8896875"
"61","manalu_garang","IPALD Desa Namo Tualang Kec. Biru-Biru (IPAL + Perpipaan)_DAK 2017","PERUMAHAN PENGUNGSIAN Dusun II DESA NAMO TUALANG","2018","2018","60","53","Anaerobic baffled reactor-bak pengendapan kedua","Baik","Kelompok Swadaya Masyarakat (KSM)","Tidak dilakukan","KSM Karoja","KSM KAROJA","0 orang","Perawatan dan pemeliharaan IPAL","Tidak ada","Bangunan dan fasilitasi IPAL","Serah terima aset","3.4131716","98.6916279"
"62","Chairul Ichsan","IPAL dan Perpipaan Desa Jati Rejo Kec. Pagar Merbau_DAK 2018","Jalan Dusun Mawar Desa Jati Rejo Kec. Pagar Merbau","2018","2018","50","25","Anaerobic baffled reactor-bak pengendapan kedua","Baik","Kelompok Swadaya Masyarakat (KSM)","Tidak dilakukan","KSM Amanah","KSM AMANAH","3 orang","Perawatan dan pemeliharaan IPAL","Iuran masyarakat","Bangunan dan fasilitasi IPAL","Serah terima aset","3.508322","98.9031514"
"63","Chairul Ichsan","IPAL dan Perpipaan Kel. Cemara Kec. Lubuk Pakam_DAK 2018","Jala Galang gg Dalang Bejo lingkungan IV Kel. Cemara Kec. Lubuk Pakam","2018","2018","50","0","Anaerobic baffled reactor-bak pengendapan kedua","Rusak","Kelompok Swadaya Masyarakat (KSM)","Tidak dilakukan","KSM Melati","KSM MELATI","1 orang","Perawatan dan pemeliharaan IPAL","Tidak ada","Bangunan dan fasilitasi IPAL","Serah terima aset","3.5489191","98.8807209"
"64","manalu_garang","IPAL dan Perpipaan Desa Sekip (Dusun Ampera Selatan) Kec. Lubuk Pakam_Sanimas IDB 2018","Jl. Ampera Selatan Desa Sekip","2018","2018","60","30","Anaerobic baffled reactor-bak pengendapan kedua","Baik","Kelompok Swadaya Masyarakat (KSM)","Tidak dilakukan","KSM Raflesia","KSM RAFLESIA","1 orang","Perawatan dan pemeliharaan IPAL","Tidak ada","Bangunan dan fasilitasi IPAL","Serah terima aset","3.5648665","98.8794241"
"65","manalu_garang","IPALD Skala Permukiman Desa Tanjung Garbus I Kec. Lubuk Pakam","Komplek Stadion Baharuddin Siregar dusun I & dusun II Desa Tanjung Garbus","2018","2018","400","287","Anaerobic baffled reactor-bak pengendapan kedua dan Suspended Solid removal","Baik","UPTD","Dilakukan","UPTD PALD","UPTD PALD","3 orang","Perawatan dan pemeliharaan IPAL","Anggaran Dinas","Bangunan dan fasilitasi IPAL","Serah terima aset","3.5494735","98.862761"
"66","manalu_garang","IPALD Dusun II Desa Bah Perak Kec. Bangun Purba_DAK 2019","Dusun II DESA BAH PERAK","2019","2019","60","60","Anaerobic baffled reactor-bak pengendapan kedua","Baik","Kelompok Swadaya Masyarakat (KSM)","Tidak dilakukan","KSM Dosni Arih","KSM DOSNI ARIH","1 orang","Perawatan dan pemeliharaan IPAL","Tidak ada","Bangunan dan fasilitasi IPAL","Serah terima aset","3.3511136","98.8348656"
"67","manalu_garang","IPALD Dusun VII Desa Cinta Rakyat Kec. Percut Sei Tuan_Sanimas IDB 2019","Dusun VIII  gang Rubingan Desa cinta rakyat","2019","2019","50","40","Anaerobic baffled reactor-bak pengendapan kedua","Rusak","Kelompok Swadaya Masyarakat (KSM)","Tidak dilakukan","KSM Jati Mas","KSM JATI MAS","0 orang","Perawatan dan pemeliharaan IPAL","Tidak Ada","Bangunan dan fasilitasi IPAL","Serah terima aset","3.67532","98.7547879"
"68","Chairul Ichsan","IPALD Link. II (Tahap II) Kel. Kenangan Kec. Percut Sei Tuan_Sanimas IDB 2019","Lorong bejo link. II Kel. Kenangan Kec. Percut Sei Tuan","2019","2019","50","50","Anaerobic baffled reactor-bak pengendapan kedua","Baik","Kelompok Swadaya Masyarakat (KSM)","Tidak dilakukan","KSM Pelajar","KSM PELAJAR","0 orang","Perawatan dan pemeliharaan IPAL","Tidak ada","Bangunan dan fasilitasi IPAL","Serah terima aset","3.5876618","98.702214"
"69","manalu_garang","IPALD Desa Saentis Dusun XX Kec. Percut Sei Tuan_Sanimas IDB 2019","Dusun xx Dewi Sinto Desa Saentis","2019","2019","50","32","Anaerobic baffled reactor-bak pengendapan kedua","Rusak","Kelompok Swadaya Masyarakat (KSM)","Tidak dilakukan","KSM Dewi Sinto","KSM DEWI SINTO ketua Agus Naidi","7 orang","Perawatan dan pemeliharaan IPAL","Iuran masyarakat","Bangunan dan fasilitasi IPAL","Serah terima aset","3.6631899","98.7469862"
"70","manalu_garang","IPALD Desa Tanjung Rejo Dusun IV (Tahap II) Kec. Percut Sei Tuan_Sanimas IDB 2019","Dusun IV lorong mulia Desa Tanjung Rejo","2019","2019","50","28","Anaerobic baffled reactor-bak pengendapan kedua","Baik","Kelompok Swadaya Masyarakat (KSM)","Tidak dilakukan","KSM Mulia Rejo","KSM MULIA REJO","1 orang","Perawatan dan pemeliharaan IPAL","Tidak ada","Bangunan dan fasilitasi IPAL","Serah terima aset","3.6847638","98.740562"
"71","Chairul Ichsan","IPALD Desa Cinta Damai Kec. Percut Sei Tuan - DAK 2019","Desa Cinta Damai Dusun I Kec. Percut Sei Tuan","2019","2019","50","45","Anaerobic baffled reactor-bak pengendapan kedua","Baik","Kelompok Swadaya Masyarakat (KSM)","Tidak dilakukan","KSM Karya Cinta","KSM KARYA CINTA","3 orang","Perawatan dan pemeliharaan IPAL","Tidak ada","Bangunan dan fasilitasi IPAL","Serah terima aset","3.6839685","98.7662947"
"72","Chairul Ichsan","IPALD Desa Lantasan Baru (Dusun II) Kec. Patumbak_Sanimas IDB 2019","Jalan Bajul gg Kampung Baru dusun II Desa Lantasan Baru Kecamatan Patumbak","2019","2019","50","45","Anaerobic baffled reactor-bak pengendapan kedua","Baik","Kelompok Swadaya Masyarakat (KSM)","Tidak dilakukan","KSM Lubuk Bajul","KSM LUBUK BAJUL","1 orang","Perawatan dan pemeliharaan IPAL","Tidak ada","Bangunan dan fasilitasi IPAL","Serah terima aset","3.435454","98.7055148"
"73","Chairul Ichsan","IPALD Desa Lantasan Lama (Dusun IV) Kec. Patumbak_Sanimas IDB 2019","Jalan Bandrek Ujung dusun IV Desa Lantasan Lama Kec. Patumbak","2019","2019","50","35","Anaerobic baffled reactor-bak pengendapan kedua","Baik","Kelompok Swadaya Masyarakat (KSM)","Tidak dilakukan","KSM Griya Nabila","KSM GRIYA NABILA","3 orang","Perawatan dan pemeliharaan IPAL","Iuran masyarakat","Bangunan dan fasilitasi IPAL","Serah terima aset","3.4806312","98.7009744"
"74","manalu_garang","IPALD Desa Sigara-gara Dusun V (Tahap II) Kec. Patumbak_Sanimas IDB 2019","Perumahan Bumi Serdang Indah/jl. Intan mutiara/jl. Delima raya dusun V","2019","2019","60","50","Anaerobic baffled reactor-bak pengendapan kedua","Baik","Kelompok Swadaya Masyarakat (KSM)","Tidak dilakukan","KSM Berlian","KSM BERLIAN","2 orang","Perawatan dan pemeliharaan IPAL","Iuran masyarakat","Bangunan dan fasilitasi IPAL","Serah terima aset","3.4867076","98.7010084"
"75","manalu_garang","IPALD Dusun X Desa Marindal I Kec. Patumbak - DAK 2019","Jl. Pelajar ujung gg. Pena 16","2019","2019","50","50","Anaerobic baffled reactor-bak pengendapan kedua","Baik","Kelompok Swadaya Masyarakat (KSM)","Tidak dilakukan","KSM Pelajar","KSM PELAJAR","2 orang","Perawatan dan pemeliharaan IPAL","Tidak ada","Bangunan dan fasilitasi IPAL","Serah terima aset","3.5001502","98.702214"
"76","manalu_garang","IPALD Dusun II Desa Lantasan Baru Kec. Patumbak - DAK 2019","Jl.Bajul gg. Syukur dusun II DESA LANTASAN BARU","2019","2019","60","58","Anaerobic baffled reactor-bak pengendapan kedua","Rusak","Kelompok Swadaya Masyarakat (KSM)","Tidak dilakukan","KSM Jaya Baru","KSM JAYA BARU","1 orang","Perawatan dan pemeliharaan IPAL","Tidak ada","Bangunan dan fasilitasi IPAL","Serah terima aset","3.4384776","98.7053978"
"77","Chairul Ichsan","IPALD Desa Tanjung Morawa B Kec. Tanjung Morawa_(2019)","Jalan Industri Gg Family Dusun I Desa Tanjung Morawa B Kec. Tanjung Morawa","2019","2019","60","50","Anaerobic baffled reactor-bak pengendapan kedua","Baik","Kelompok Swadaya Masyarakat (KSM)","Tidak dilakukan","KSM Family Sejahtera","KSM FAMILY SEJAHTERA","0 orang","Perawatan dan pemeliharaan IPAL","Tidak ada","Bangunan dan fasilitasi IPAL","Serah terima aset","3.5221","98.809648"
"78","Chairul Ichsan","IPALD Kel. Delitua Timur Kec. Deli Tua_(DAK 2019)","Kel. Deli Tua Timur Kec. Deli Tua","2019","2019","30","30","Anaerobic baffled reactor-bak pengendapan kedua","Baik","Kelompok Swadaya Masyarakat (KSM)","Tidak dilakukan","KSM Nogio","KSM NOGIO","5 orang","Perawatan dan pemeliharaan IPAL","Iuran masyarakat","Bangunan dan fasilitasi IPAL","Serah terima aset","3.4928564","98.6844891"
"79","Chairul Ichsan","IPALD dan Perpipaan Dusun Dusun V Desa Suka Makmur Kec. Deli Tua_Sanimas IDB 2019","Dusun V Jalan Deli Tua gg Melur","2019","2019","60","16","Anaerobic baffled reactor-bak pengendapan kedua","Baik","Kelompok Swadaya Masyarakat (KSM)","Tidak dilakukan","KSM Dahlia","KSM DAHLIA","2 orang","Perawatan dan pemeliharaan IPAL","Tidak ada","Bangunan dan fasilitasi IPAL","Serah terima aset","3.5129051","98.6816647"
"80","manalu_garang","IPAL dan Perpipaan Dusun III Desa Suka Makmur Kec. Deli Tua_Sanimas IDB 2019","Jl. Aman gg dahlia tengah dusun III Kec. Deli Tua","2019","2019","60","50","Anaerobic baffled reactor-bak pengendapan kedua","Baik","Kelompok Swadaya Masyarakat (KSM)","Tidak dilakukan","KSM Melati Sukma","KSM MELATI SUKMA/Ketua Arwendi","5 orang","Perawatan dan pemeliharaan IPAL","Iuran masyarakat","Bangunan dan fasilitasi IPAL","Serah terima aset","3.513638","98.683652"
"81","manalu_garang","IPALD Lingkungan V - Tahap II Kel. Deli Tua Barat Kec. Deli Tua_Sanimas IDB 2019","Jl Pamah Gg jafar lingkungan IV Kel. Deli Tua Barat","2019","2019","60","35","Anaerobic baffled reactor-bak pengendapan kedua","Baik","Kelompok Swadaya Masyarakat (KSM)","Tidak dilakukan","KSM Babes Tinja","KSM BABES TINJA","2 orang","Perawatan dan pemeliharaan IPAL","Tidak ada","Bangunan dan fasilitasi IPAL","Serah terima aset","3.486502","98.6790418"
"82","manalu_garang","IPALD Dusun IX  Desa Mekar Sari Kec. Deli Tua_Sanimas IDB 2019","Jl. Sejahtera dusun IX Desa Mekar Sari","2019","2019","60","54","Anaerobic baffled reactor-bak pengendapan kedua","Baik","Kelompok Swadaya Masyarakat (KSM)","Tidak dilakukan","KSM Deli Sejahtera","KSM DELI SEJAHTERA","1 orang","Perawatan dan pemeliharaan IPAL","Tidak ada","Bangunan dan fasilitasi IPAL","Serah terima aset","3.4998069","98.6755675"
"83","manalu_garang","IPALD Dusun VII Desa Tanjung Sari Kec. Batang Kuis_DAK 2019","Jl. Batang kuis gg. Mesjid dusun VII","2019","2019","60","40","Anaerobic baffled reactor-bak pengendapan kedua","Baik","Kelompok Swadaya Masyarakat (KSM)","Tidak dilakukan","KSM Tanjung Asa","KSM TANJUNG ASA","2 orang","Perawatan dan pemeliharaan IPAL","Iuran masyarakat","Bangunan dan fasilitasi IPAL","Serah terima aset","3.6090603","98.8061887"
"84","manalu_garang","IPALD Desa Cintai Damai Kec. Percut Sei Tuan - DAK 2021","Jl Cinta Damai gg. Jabat Dusun I","2021","2021","100","100","Anaerobic baffled reactor-bak pengendapan kedua","Baik","Kelompok Swadaya Masyarakat (KSM)","Tidak dilakukan","KSM Karya Cinta","KSM KARYA CINTA","3 orang","Perawatan dan pemeliharaan IPAL","Tidak ada","Bangunan dan fasilitasi IPAL","Serah terima aset","3.6864469","98.767848"
"85","Chairul Ichsan","IPALD Dusun VIII Desa Wonosari Kec. Tanjung Morawa_(DAK 2021)","Dusun VIII Desa Wonosari kec. Tanjung Morawa","2021","2021","50","1","Anaerobic baffled reactor-bak pengendapan kedua","Baik","Kelompok Swadaya Masyarakat (KSM)","Tidak dilakukan","KSM Mawar","KSM MAWAR","1 orang","Perawatan dan pemeliharaan IPAL","Tidak ada","Bangunan dan fasilitasi IPAL","Serah terima aset","3.5617637","98.8237675"
"86","manalu_garang","IPALD Dusun II Desa Telaga Sari Kec. Sunggal_(DAK 2021)","Dusun II/jl. Glugur rimbun/ Pesantren Madani ikhwanul hasanah","2021","2021","50","50","Anaerobic baffled reactor-bak pengendapan kedua","Baik","Kelompok Swadaya Masyarakat (KSM)","Tidak dilakukan","KSM Madani","KSM MADANI/selamet Riyadi","3 orang","Perawatan dan pemeliharaan IPAL","Iuran masyarakat","Bangunan dan fasilitasi IPAL","Serah terima aset","3.537461","98.5517834"
"87","Chairul Ichsan","IPALD Dusun II Desa Emplasmen Kuala Namu kec. Beringin_DAK 2021","Jalan pendidikan Dusun II Desa Emplasmen Kuala Namu Kec. Beringin","2021","2021","50","30","Anaerobic baffled reactor-bak pengendapan kedua","Baik","Kelompok Swadaya Masyarakat (KSM)","Tidak dilakukan","KSM Seroja","KSM SEROJA","3 orang","Perawatan dan pemeliharaan IPAL","Iuran masyarakat","Bangunan dan fasilitasi IPAL","Serah terima aset","3.5875897","98.8788389"
"88","chairul Ichsan","IPALD Desa Rugemuk Kec. Pantai Labu_DAK 2021","Jl. Dusun III KOMPLEK PERUMAHAN NELAYAN DESA RUGEMUK","2021","2021","60","45","Anaerobic baffled reactor-bak pengendapan kedua","Baik","Kelompok Swadaya Masyarakat (KSM)","Tidak dilakukan","KSM Berseri","KSM BERSERI","0 orang","Perawatan dan pemeliharaan IPAL","Tidak ada","Bangunan dan fasilitasi IPAL","Serah terima aset","3.6868688","98.8723247"
"89","Chairul Ichsan","IPALD Dusun III Desa Denai Kuala Kec. Pantai Labu_DAK 2021","Gg keluarga Dusun III Desa Denai Kuala Kec. Pantai Labu","2021","2021","60","50","Anaerobic baffled reactor-bak pengendapan kedua","Baik","Kelompok Swadaya Masyarakat (KSM)","Tidak dilakukan","KSM Barokah","KSM BAROKAH","3 orang","Perawatan dan pemeliharaan IPAL","Tidak ada","Bangunan dan fasilitasi IPAL","Serah terima aset","3.6564175","98.937897"
